"RK",TIERS,"PLAYER NAME",TEAM,"POS","AGE","BEST","WORST","AVG.","STD.DEV","ECR VS. ADP"
"1",1,"Josh Allen",BUF,"QB1","30","1","3","1.2","0.5","-"
"2",1,"Drake Maye",NE,"QB2","23","1","6","2.2","1.0","-"
"3",1,"Lamar Jackson",BAL,"QB3","29","2","12","4.8","2.4","-"
"4",1,"Jayden Daniels",WAS,"QB4","25","3","12","5.0","2.7","-"
"5",2,"Ja'Marr Chase",CIN,"WR1","26","3","8","6.7","1.8","-"
"6",2,"Joe Burrow",CIN,"QB5","29","3","25","7.8","5.5","-"
"7",2,"Caleb Williams",CHI,"QB6","24","4","19","7.8","3.7","-"
"8",2,"Jaxon Smith-Njigba",SEA,"WR2","24","2","14","8.9","2.3","-"
"9",2,"Puka Nacua",LAR,"WR3","25","6","18","10.9","3.6","-"
"10",2,"Justin Herbert",LAC,"QB7","28","5","28","11.3","5.8","-"
"11",2,"Bijan Robinson",ATL,"RB1","24","4","19","12.4","5.0","-"
"12",3,"Patrick Mahomes II",KC,"QB8","30","5","26","12.9","5.3","-"
"13",3,"Jahmyr Gibbs",DET,"RB2","24","5","19","13.8","5.1","-"
"14",3,"Jalen Hurts",PHI,"QB9","28","6","29","15.4","5.7","-"
"15",3,"Trevor Lawrence",JAC,"QB10","26","11","34","16.3","6.1","-"
"16",3,"Amon-Ra St. Brown",DET,"WR4","26","7","26","17.4","4.9","-"
"17",3,"Justin Jefferson",MIN,"WR5","27","10","27","18.3","4.3","-"
"18",3,"Jaxson Dart",NYG,"QB11","23","12","37","20.6","7.8","-"
"19",3,"CeeDee Lamb",DAL,"WR6","27","14","32","21.0","4.3","-"
"20",3,"Ashton Jeanty",LV,"RB3","22","12","27","21.3","4.2","-"
"21",4,"Brock Purdy",SF,"QB12","26","14","47","21.6","9.4","-"
"22",4,"Bo Nix",DEN,"QB13","26","13","46","21.7","8.9","-"
"23",4,"Malik Nabers",NYG,"WR7","23","10","34","21.9","5.8","-"
"24",4,"Jeremiyah Love",ARI,"RB4","21","13","32","24.6","4.5","-"
"25",4,"Drake London",ATL,"WR8","25","15","30","25.8","3.8","-"
"26",4,"De'Von Achane",MIA,"RB5","24","17","38","28.1","4.3","-"
"27",4,"Dak Prescott",DAL,"QB14","33","15","61","28.9","13.1","-"
"28",4,"Brock Bowers",LV,"TE1","23","11","44","29.3","9.6","-"
"29",4,"Omarion Hampton",LAC,"RB6","23","18","38","29.7","4.9","-"
"30",4,"Tetairoa McMillan",CAR,"WR9","23","23","39","31.1","3.9","-"
"31",4,"James Cook III",BUF,"RB7","26","19","39","31.8","4.3","-"
"32",4,"Jordan Love",GB,"QB15","27","17","68","32.9","13.8","-"
"33",5,"Nico Collins",HOU,"WR10","27","27","41","33.6","3.5","-"
"34",5,"Jonathan Taylor",IND,"RB8","27","22","49","33.8","5.8","-"
"35",5,"George Pickens",DAL,"WR11","25","20","42","34.3","4.7","-"
"36",5,"Emeka Egbuka",TB,"WR12","23","27","50","34.7","4.5","-"
"37",5,"Trey McBride",ARI,"TE2","26","16","58","37.9","9.6","-"
"38",5,"Chris Olave",NO,"WR13","26","34","51","39.3","4.1","-"
"39",5,"Kenneth Walker III",KC,"RB9","25","31","63","41.9","8.6","-"
"40",5,"Carnell Tate",TEN,"WR14","21","30","58","42.2","6.8","-"
"41",5,"Garrett Wilson",NYJ,"WR15","26","32","59","42.4","5.9","-"
"42",5,"Jared Goff",DET,"QB16","31","24","85","43.6","18.3","-"
"43",5,"Ladd McConkey",LAC,"WR16","24","37","58","44.3","5.0","-"
"44",5,"Zay Flowers",BAL,"WR17","25","35","61","46.3","6.0","-"
"45",5,"DeVonta Smith",PHI,"WR18","27","35","57","47.0","6.5","-"
"46",5,"A.J. Brown",NE,"WR19","29","35","65","47.3","6.8","-"
"47",5,"Breece Hall",NYJ,"RB10","25","36","65","47.6","7.8","-"
"48",6,"Luther Burden III",CHI,"WR20","22","39","68","48.3","6.8","-"
"49",6,"Colston Loveland",CHI,"TE3","22","22","63","50.5","11.9","-"
"50",6,"Chase Brown",CIN,"RB11","26","36","63","52.1","6.8","-"
"51",6,"Jordyn Tyson",NO,"WR21","22","32","82","52.9","10.9","-"
"52",6,"Fernando Mendoza",LV,"QB17","22","24","90","53.3","13.4","-"
"53",6,"Tee Higgins",CIN,"WR22","27","42","78","53.9","9.0","-"
"54",6,"Rashee Rice",KC,"WR23","26","37","90","54.7","12.4","-"
"55",6,"Makai Lemon",PHI,"WR24","22","43","74","56.0","7.6","-"
"56",6,"Baker Mayfield",TB,"QB18","31","24","84","56.6","14.6","-"
"57",6,"Tyler Warren",IND,"TE4","24","39","70","57.4","6.0","-"
"58",6,"Jaylen Waddle",DEN,"WR25","27","41","76","57.4","8.2","-"
"59",6,"Rome Odunze",CHI,"WR26","24","46","82","60.2","8.8","-"
"60",6,"Cam Ward",TEN,"QB19","24","34","86","60.5","10.3","-"
"61",6,"TreVeyon Henderson",NE,"RB12","23","48","85","61.4","9.2","-"
"62",6,"C.J. Stroud",HOU,"QB20","24","35","95","62.3","16.1","-"
"63",6,"Tucker Kraft",GB,"TE5","25","52","79","63.7","5.0","-"
"64",6,"Saquon Barkley",PHI,"RB13","29","48","77","64.7","7.4","-"
"65",6,"Christian McCaffrey",SF,"RB14","30","40","79","65.3","10.5","-"
"66",6,"Quinshon Judkins",CLE,"RB15","22","44","88","65.9","8.8","-"
"67",7,"Jameson Williams",DET,"WR27","25","51","83","66.3","6.8","-"
"68",7,"Marvin Harrison Jr.",ARI,"WR28","24","49","83","66.5","9.1","-"
"69",7,"Harold Fannin Jr.",CLE,"TE6","22","59","84","67.2","5.2","-"
"70",7,"Tyler Shough",NO,"QB21","26","36","92","67.3","12.5","-"
"71",7,"Kyler Murray",MIN,"QB22","29","49","101","71.5","14.2","-"
"72",7,"Brian Thomas Jr.",JAC,"WR29","23","54","85","71.7","9.5","-"
"73",7,"Kyren Williams",LAR,"RB16","25","61","92","72.1","7.0","-"
"74",7,"Sam LaPorta",DET,"TE7","25","65","91","72.3","6.0","-"
"75",7,"Kyle Pitts Sr.",ATL,"TE8","25","61","97","74.3","7.4","-"
"76",7,"Travis Etienne Jr.",NO,"RB17","27","63","91","76.6","6.0","-"
"77",7,"Christian Watson",GB,"WR30","27","57","112","77.8","12.1","-"
"78",7,"Bucky Irving",TB,"RB18","24","50","101","79.6","12.1","-"
"79",7,"Sam Darnold",SEA,"QB23","29","52","94","80.7","10.9","-"
"80",7,"Javonte Williams",DAL,"RB19","26","62","100","81.5","9.6","-"
"81",7,"Jadarian Price",SEA,"RB20","22","63","117","82.5","11.1","-"
"82",7,"Cam Skattebo",NYG,"RB21","24","71","101","82.8","9.7","-"
"83",7,"Malik Willis",MIA,"QB24","27","48","111","84.3","14.5","-"
"84",7,"Terry McLaurin",WAS,"WR31","30","70","96","84.5","7.0","-"
"85",7,"KC Concepcion",CLE,"WR32","21","57","122","84.9","13.9","-"
"86",7,"Alec Pierce",IND,"WR33","26","68","114","87.3","11.9","-"
"87",7,"DJ Moore",BUF,"WR34","29","68","108","87.8","8.9","-"
"88",7,"Kenyon Sadiq",NYJ,"TE9","21","74","131","88.1","13.2","-"
"89",8,"Matthew Stafford",LAR,"QB25","38","50","106","89.0","10.8","-"
"90",8,"Jordan Addison",MIN,"WR35","24","78","110","92.5","10.0","-"
"91",8,"Derrick Henry",BAL,"RB22","32","69","104","93.2","9.6","-"
"92",8,"Daniel Jones",IND,"QB26","29","77","116","94.2","7.1","-"
"93",8,"Bryce Young",CAR,"QB27","25","54","137","95.5","15.3","-"
"94",8,"DK Metcalf",PIT,"WR36","28","81","110","96.4","7.4","-"
"95",8,"Josh Jacobs",GB,"RB23","28","72","130","97.2","13.2","-"
"96",8,"Bhayshul Tuten",JAC,"RB24","23","73","111","97.2","9.6","-"
"97",8,"Parker Washington",JAC,"WR37","24","75","128","97.4","13.6","-"
"98",8,"Eli Stowers",PHI,"TE10","23","74","159","101.3","20.4","-"
"99",8,"D'Andre Swift",CHI,"RB25","27","78","114","102.3","7.0","-"
"100",8,"Dalton Kincaid",BUF,"TE11","26","83","144","104.4","16.3","-"
"101",8,"Michael Wilson",ARI,"WR38","26","79","129","105.1","9.6","-"
"102",8,"Isaiah Likely",NYG,"TE12","26","81","146","106.2","17.3","-"
"103",8,"Wan'Dale Robinson",TEN,"WR39","25","85","123","106.3","9.1","-"
"104",8,"Ty Simpson",LAR,"QB28","23","93","137","107.1","14.0","-"
"105",8,"Omar Cooper Jr.",NYJ,"WR40","22","80","176","108.2","22.6","-"
"106",8,"Jayden Higgins",HOU,"WR41","23","91","130","108.6","8.0","-"
"107",8,"Davante Adams",LAR,"WR42","33","79","128","108.7","10.3","-"
"108",8,"Josh Downs",IND,"WR43","25","82","133","109.1","10.7","-"
"109",8,"Oronde Gadsden II",LAC,"TE13","23","79","163","109.5","22.4","-"
"110",8,"Denzel Boston",CLE,"WR44","22","60","137","109.5","16.0","-"
"111",8,"David Montgomery",HOU,"RB26","29","87","130","111.9","9.3","-"
"112",8,"Michael Pittman Jr.",PIT,"WR45","28","96","128","112.1","6.8","-"
"113",8,"Mike Evans",SF,"WR46","33","99","125","113.2","6.3","-"
"114",8,"Courtland Sutton",DEN,"WR47","30","91","131","113.6","7.5","-"
"115",8,"Xavier Worthy",KC,"WR48","23","85","132","113.7","11.9","-"
"116",8,"RJ Harvey",DEN,"RB27","25","78","153","116.2","15.3","-"
"117",9,"George Kittle",SF,"TE14","32","80","140","117.5","14.3","-"
"118",9,"Jayden Reed",GB,"WR49","26","97","136","117.5","8.3","-"
"119",9,"Quentin Johnston",LAC,"WR50","24","100","132","118.1","7.6","-"
"120",9,"Jake Ferguson",DAL,"TE15","27","89","145","118.3","14.4","-"
"121",9,"Jakobi Meyers",JAC,"WR51","29","100","138","119.6","9.2","-"
"122",9,"Matthew Golden",GB,"WR52","23","98","136","122.7","8.3","-"
"123",9,"Brenton Strange",JAC,"TE16","25","89","147","122.7","14.0","-"
"124",9,"Jaylen Warren",PIT,"RB28","27","99","142","123.8","11.9","-"
"125",9,"Chris Godwin Jr.",TB,"WR53","30","109","141","124.1","6.9","-"
"126",9,"Ricky Pearsall",SF,"WR54","25","84","207","126.7","26.1","-"
"127",9,"Kyle Monangai",CHI,"RB29","24","107","156","128.8","14.0","-"
"128",9,"Blake Corum",LAR,"RB30","25","106","151","131.7","13.6","-"
"129",9,"Zach Charbonnet",SEA,"RB31","25","101","166","133.1","16.3","-"
"130",9,"Romeo Doubs",NE,"WR55","26","109","177","135.2","16.0","-"
"131",9,"Jalen Coker",CAR,"WR56","24","115","160","135.4","9.2","-"
"132",9,"Travis Hunter",JAC,"WR57","23","109","175","135.6","17.0","-"
"133",9,"Khalil Shakir",BUF,"WR58","26","119","165","136.6","11.3","-"
"134",9,"Rhamondre Stevenson",NE,"RB32","28","110","161","139.7","11.8","-"
"135",9,"Jonathon Brooks",CAR,"RB33","23","97","198","139.9","24.0","-"
"136",9,"Antonio Williams",WAS,"WR59","22","119","211","141.0","21.7","-"
"137",9,"Chuba Hubbard",CAR,"RB34","27","112","169","142.3","15.7","-"
"138",9,"Rico Dowdle",PIT,"RB35","28","120","160","144.7","9.4","-"
"139",9,"Mark Andrews",BAL,"TE17","30","131","180","145.1","13.1","-"
"140",9,"Michael Penix Jr.",ATL,"QB29","26","98","154","123.6","16.2","-"
"141",9,"Chig Okonkwo",WAS,"TE18","26","95","200","146.4","23.2","-"
"142",9,"Dallas Goedert",PHI,"TE19","31","103","200","146.6","18.9","-"
"143",9,"De'Zhaun Stribling",SF,"WR60","23","117","238","149.5","23.0","-"
"144",9,"Tre' Harris",LAC,"WR61","24","123","199","150.9","18.3","-"
"145",9,"Jonah Coleman",DEN,"RB36","23","113","193","151.0","19.1","-"
"146",9,"Tony Pollard",TEN,"RB37","29","128","173","152.1","11.7","-"
"147",10,"Kenny Gainwell",TB,"RB38","27","126","177","156.4","12.3","-"
"148",10,"Terrance Ferguson",LAR,"TE20","23","125","189","157.9","17.4","-"
"149",10,"AJ Barner",SEA,"TE21","24","127","194","159.2","19.8","-"
"150",10,"Jalen McMillan",TB,"WR62","24","132","257","159.4","26.2","-"
"151",10,"Germie Bernard",PIT,"WR63","22","126","216","162.8","19.5","-"
"152",10,"Chris Bell",MIA,"WR64","22","110","235","153.8","26.5","-"
"153",10,"Rachaad White",WAS,"RB39","27","132","195","164.4","13.7","-"
"154",10,"J.K. Dobbins",DEN,"RB40","27","133","191","165.2","12.9","-"
"155",10,"Rashid Shaheed",SEA,"WR65","27","127","196","155.6","14.6","-"
"156",10,"Juwan Johnson",NO,"TE22","29","127","197","165.7","16.1","-"
"157",10,"Travis Kelce",KC,"TE23","36","136","194","166.3","16.2","-"
"158",10,"Jacory Croskey-Merritt",WAS,"RB41","25","134","196","167.8","14.2","-"
"159",10,"T.J. Hockenson",MIN,"TE24","29","133","193","168.5","16.0","-"
"160",10,"Stefon Diggs",WAS,"WR66","32","128","211","159.7","22.4","-"
"161",10,"Tyler Allgeier",ARI,"RB42","26","148","202","170.1","13.3","-"
"162",10,"Tua Tagovailoa",ATL,"QB30","28","106","176","140.9","14.8","-"
"163",10,"Tyrone Tracy Jr.",NYG,"RB43","26","151","202","172.7","12.9","-"
"164",10,"Woody Marks",HOU,"RB44","25","144","199","172.7","12.9","-"
"165",10,"Jauan Jennings",MIN,"WR67","29","129","216","165.2","22.6","-"
"166",10,"Jordan Mason",MIN,"RB45","27","143","198","175.6","13.8","-"
"167",10,"Nicholas Singleton",TEN,"RB46","22","142","221","177.0","18.1","-"
"168",10,"Jaylin Noel",HOU,"WR68","23","136","239","171.1","24.6","-"
"169",10,"Hunter Henry",NE,"TE25","31","153","220","180.8","14.7","-"
"170",10,"Emmett Johnson",KC,"RB47","22","149","208","185.3","14.0","-"
"171",10,"Dylan Sampson",CLE,"RB48","21","160","218","186.3","14.6","-"
"172",10,"Elijah Sarratt",BAL,"WR69","23","138","234","179.6","23.4","-"
"173",10,"Adonai Mitchell",NYJ,"WR70","23","141","241","180.3","20.2","-"
"174",10,"Chris Rodriguez Jr.",JAC,"RB49","26","151","256","190.0","21.4","-"
"175",10,"Zachariah Branch",ATL,"WR71","22","149","254","182.1","24.4","-"
"176",10,"Gunnar Helm",TEN,"TE26","23","147","225","182.4","19.3","-"
"177",10,"Pat Bryant",DEN,"WR72","23","149","263","183.9","20.8","-"
"178",10,"Troy Franklin",DEN,"WR73","23","149","243","184.0","25.0","-"
"179",10,"Jerry Jeudy",CLE,"WR74","27","149","240","178.3","17.3","-"
"180",11,"Aaron Jones Sr.",MIN,"RB50","31","163","223","198.0","13.4","-"
"181",11,"Isaac TeSlaa",DET,"WR75","24","136","229","189.3","22.7","-"
"182",11,"Mason Taylor",NYJ,"TE27","22","133","258","199.2","27.9","-"
"183",11,"Tyjae Spears",TEN,"RB51","25","176","244","200.3","17.7","-"
"184",11,"Oscar Delp",NO,"TE28","23","132","277","200.4","31.6","-"
"185",11,"Max Klare",LAR,"TE29","23","155","285","200.9","28.0","-"
"186",11,"Ja'Kobi Lane",BAL,"WR76","22","145","248","193.0","23.0","-"
"187",11,"Kaytron Allen",WAS,"RB52","23","166","242","202.3","20.1","-"
"188",11,"Kayshon Boutte",NE,"WR77","24","159","259","185.7","21.8","-"
"189",11,"Isiah Pacheco",DET,"RB53","27","171","233","206.1","14.8","-"
"190",11,"Dalton Schultz",HOU,"TE30","30","155","246","198.2","20.8","-"
"191",11,"Braelon Allen",NYJ,"RB54","22","179","274","207.6","19.6","-"
"192",11,"Tank Bigsby",PHI,"RB55","23","170","294","207.6","24.0","-"
"193",11,"Deebo Samuel Sr.",SF,"WR78","30","141","257","180.9","28.8","-"
"194",11,"Cade Otton",TB,"TE31","27","182","254","210.2","17.2","-"
"195",11,"Shedeur Sanders",CLE,"QB31","24","130","225","150.4","19.3","-"
"196",11,"David Njoku",LAC,"TE32","30","175","255","212.4","18.4","-"
"197",11,"Malachi Fields",NYG,"WR79","22","152","255","196.9","22.1","-"
"198",11,"Keaton Mitchell",LAC,"RB56","24","173","264","206.0","21.8","-"
"199",11,"Jack Bech",LV,"WR80","23","180","251","206.3","18.6","-"
"200",11,"Mike Washington Jr.",LV,"RB57","23","171","275","207.7","26.8","-"
"201",11,"Tank Dell",HOU,"WR81","26","166","310","210.6","26.5","-"
"202",11,"Brian Robinson Jr.",ATL,"RB58","27","186","262","219.8","16.2","-"
"203",11,"J.J. McCarthy",MIN,"QB32","23","98","188","137.4","23.1","-"
"204",11,"Elic Ayomanor",TEN,"WR82","23","168","265","204.7","22.6","-"
"205",11,"Pat Freiermuth",PIT,"TE33","27","180","248","209.4","15.1","-"
"206",11,"Skyler Bell",BUF,"WR83","24","148","246","202.0","27.0","-"
"207",11,"Ted Hurst III",TB,"WR84","22","142","362","182.6","43.5","-"
"208",11,"Ryan Flournoy",DAL,"WR85","26","172","251","213.3","22.6","-"
"209",11,"Jalen Nailor",LV,"WR86","27","150","298","195.8","31.1","-"
"210",11,"Dontayvion Wicks",PHI,"WR87","25","173","297","217.2","22.3","-"
"211",11,"Eli Raridon",NE,"TE34","22","128","266","200.0","30.1","-"
"212",11,"Tory Horton",SEA,"WR88","23","153","345","210.0","38.3","-"
"213",11,"Chimere Dike",TEN,"WR89","24","179","260","210.8","17.6","-"
"214",11,"Demond Claiborne",MIN,"RB59","22","183","293","227.6","21.9","-"
"215",11,"Kaleb Johnson",PIT,"RB60","23","184","297","227.7","26.9","-"
"216",11,"Greg Dulcich",MIA,"TE35","26","158","279","202.4","24.1","-"
"217",11,"Alvin Kamara",NO,"RB61","31","182","262","220.4","19.3","-"
"218",11,"Chris Brazzell II",CAR,"WR90","22","140","265","202.7","26.6","-"
"219",11,"Kimani Vidal",LAC,"RB62","24","192","274","228.6","18.7","-"
"220",11,"Keon Coleman",BUF,"WR91","23","179","299","220.4","24.4","-"
"221",11,"Ollie Gordon II",MIA,"RB63","22","218","311","236.5","19.8","-"
"222",11,"Tre Tucker",LV,"WR92","25","157","280","220.8","25.9","-"
"223",11,"Ray Davis",BUF,"RB64","26","200","283","237.2","19.9","-"
"224",11,"Sean Tucker",TB,"RB65","24","205","270","239.9","16.5","-"
"225",11,"Malik Washington",MIA,"WR93","25","181","261","225.0","19.1","-"
"226",11,"Trey Benson",ARI,"RB66","24","167","289","234.6","27.8","-"
"227",11,"Rashod Bateman",BAL,"WR94","26","181","258","228.4","15.9","-"
"228",12,"Calvin Ridley",TEN,"WR95","31","166","295","222.3","25.5","-"
"229",12,"Emanuel Wilson",SEA,"RB67","27","196","289","239.7","22.9","-"
"230",12,"Darnell Mooney",NYG,"WR96","28","185","268","224.2","19.6","-"
"231",12,"Kyle Williams",NE,"WR97","23","179","295","224.3","23.4","-"
"232",12,"Aaron Rodgers",PIT,"QB33","42","106","223","156.8","26.8","-"
"233",12,"Brandon Aiyuk",SF,"WR98","28","120","312","206.2","45.1","-"
"234",12,"James Conner",ARI,"RB68","31","209","301","244.5","21.2","-"
"235",12,"Jaydon Blue",DAL,"RB69","22","205","305","248.7","23.3","-"
"236",12,"Devin Neal",NO,"RB70","23","202","304","249.1","24.0","-"
"237",12,"Tyreek Hill",FA,"WR99","32","166","300","226.0","29.0","-"
"238",12,"Jacoby Brissett",ARI,"QB34","33","131","267","157.1","29.4","-"
"239",12,"Geno Smith",NYJ,"QB35","35","139","231","157.4","24.7","-"
"240",12,"Jaylen Wright",MIA,"RB71","23","211","315","250.0","19.8","-"
"241",12,"MarShawn Lloyd",GB,"RB72","25","187","346","242.6","32.5","-"
"242",12,"Marvin Mims Jr.",DEN,"WR100","24","195","361","235.9","32.7","-"
"243",12,"Tez Johnson",TB,"WR101","24","224","323","244.2","19.7","-"
"244",12,"Christian Kirk",SF,"WR102","29","206","286","235.8","20.0","-"
"245",12,"Adam Randall",BAL,"RB73","22","212","302","257.8","20.1","-"
"246",12,"Brashard Smith",KC,"RB74","23","250","331","270.4","20.5","-"
"247",12,"Bryce Lance",NO,"WR103","24","150","270","229.0","25.6","-"
"248",12,"Isaiah Davis",NYJ,"RB75","24","224","317","265.3","16.8","-"
"249",12,"Jarquez Hunter",LAR,"RB76","23","218","317","266.4","22.6","-"
"250",12,"DJ Giddens",IND,"RB77","22","241","321","267.0","19.1","-"
"251",12,"Kaelon Black",SF,"RB78","24","195","412","246.5","42.9","-"
"252",12,"Xavier Legette",CAR,"WR104","25","232","305","247.3","15.8","-"
"253",12,"Elijah Arroyo",SEA,"TE36","23","187","260","218.5","24.9","-"
"254",12,"Cooper Kupp",SEA,"WR105","33","228","314","250.8","23.6","-"
"255",12,"Theo Johnson",NYG,"TE37","25","182","285","233.8","28.4","-"
"256",12,"Isaiah Bond",CLE,"WR106","22","237","353","263.8","31.2","-"
"257",12,"Jordan James",SF,"RB79","22","209","277","256.2","15.7","-"
"258",12,"Hollywood Brown",PHI,"WR107","29","228","333","257.8","31.4","-"
"259",12,"DeMario Douglas",NE,"WR108","25","226","318","251.6","23.5","-"
"260",12,"Cedric Tillman",CLE,"WR109","26","206","335","252.6","30.3","-"
"261",12,"Michael Mayer",LV,"TE38","25","186","295","234.6","24.2","-"
"262",12,"Devaughn Vele",NO,"WR110","28","232","319","259.2","23.5","-"
"263",12,"Kendre Miller",NO,"RB80","24","254","321","276.2","21.2","-"
"264",12,"Trevor Etienne",CAR,"RB81","22","250","350","277.5","22.4","-"
"265",12,"Seth McGowan",IND,"RB82","24","245","336","262.6","18.8","-"
"266",12,"Isaac Guerendo",SF,"RB83","26","261","346","283.0","26.8","-"
"267",12,"Najee Harris",LAC,"RB84","28","247","315","269.8","17.4","-"
"268",12,"Justin Joly",DEN,"TE39","22","174","298","232.3","34.6","-"
"269",12,"Tahj Brooks",CIN,"RB85","24","260","321","278.6","17.8","-"
"270",13,"LeQuint Allen Jr.",JAC,"RB86","22","253","388","283.7","29.4","-"
"271",13,"Will Shipley",PHI,"RB87","23","263","331","284.1","20.3","-"
"272",13,"Chris Brooks",GB,"RB88","26","237","391","278.1","28.8","-"
"273",13,"Jerome Ford",WAS,"RB89","26","217","341","275.8","25.0","-"
"274",13,"Evan Engram",DEN,"TE40","31","204","318","259.6","22.6","-"
"275",13,"Eli Heidenreich",PIT,"RB90","23","238","337","273.5","20.9","-"
"276",13,"Keenan Allen",LAC,"WR111","34","228","307","261.7","25.5","-"
"277",13,"Caleb Douglas",MIA,"WR112","22","179","284","235.3","28.7","-"
"278",13,"Justice Hill",BAL,"RB91","28","269","343","287.8","22.0","-"
"279",13,"Devin Singletary",NYG,"RB92","28","261","346","280.2","21.2","-"
"280",13,"Jake Tonges",SF,"TE41","27","197","304","259.1","29.2","-"
"281",13,"Ja'Tavion Sanders",CAR,"TE42","23","237","325","272.1","21.1","-"
"282",13,"Jalen Royals",KC,"WR113","23","225","303","261.3","23.3","-"
"283",13,"Brenen Thompson",LAC,"WR114","23","176","372","253.5","39.8","-"
"284",13,"Mike Gesicki",CIN,"TE43","30","218","351","272.0","31.6","-"
"285",13,"Darnell Washington",PIT,"TE44","25","204","352","263.2","36.9","-"
"286",13,"Ben Sinnott",WAS,"TE45","24","239","363","276.3","36.2","-"
"287",13,"Mac Jones",SF,"QB36","27","134","269","167.3","41.2","-"
"288",13,"Colby Parkinson",LAR,"TE46","27","200","291","251.5","27.4","-"
"289",13,"Anthony Richardson Sr.",IND,"QB37","24","138","290","172.9","49.4","-"
"290",13,"Cyrus Allen",KC,"WR115","23","180","428","244.3","63.8","-"
"291",13,"Kevin Coleman Jr.",MIA,"WR116","22","196","381","265.0","43.7","-"
"292",13,"Darius Slayton",NYG,"WR117","29","233","352","280.5","34.0","-"
"293",13,"George Holani",SEA,"RB93","26","248","317","281.3","22.4","-"
"294",13,"Carson Beck",ARI,"QB38","23","123","284","164.3","44.5","-"
"295",13,"Cole Kmet",CHI,"TE47","27","237","343","269.8","29.1","-"
"296",13,"Audric Estime",NO,"RB94","22","264","348","295.9","29.8","-"
"297",13,"Tyquan Thornton",KC,"WR118","26","231","375","279.7","40.3","-"
"298",13,"Andrei Iosivas",CIN,"WR119","26","252","327","283.9","22.4","-"
"299",13,"Joshua Palmer",BUF,"WR120","26","239","332","285.1","31.4","-"
"300",13,"J'Mari Taylor",JAC,"RB95","24","256","380","298.4","34.3","-"
"301",13,"Tanner Koziol",JAC,"TE48","22","246","394","294.5","40.9","-"
"302",13,"Luke McCaffrey",WAS,"WR121","25","242","382","295.2","37.8","-"
"303",13,"Sam Roush",CHI,"TE49","22","238","390","291.1","38.4","-"
"304",13,"Matt Hibner",BAL,"TE50","24","223","311","279.8","24.1","-"
"305",13,"Marlin Klein",HOU,"TE51","23","240","304","282.3","21.4","-"
"306",13,"Jalen Tolbert",MIA,"WR122","27","200","364","283.4","44.6","-"
"307",13,"CJ Daniels",LAR,"WR123","24","197","355","290.1","48.5","-"
"308",13,"Dont'e Thornton Jr.",LV,"WR124","23","266","363","306.8","32.0","-"
"309",13,"Jaleel McLaughlin",DEN,"RB96","25","271","354","307.5","31.1","-"
"310",13,"Michael Trigg",DAL,"TE52","24","220","327","293.7","31.2","-"
"311",13,"Roman Hemby",LV,"RB97","24","259","337","293.7","28.8","-"
"312",13,"Emari Demercado",KC,"RB98","27","252","424","310.7","45.4","-"
"313",13,"Deshaun Watson",CLE,"QB39","30","142","321","212.3","64.4","-"
"314",13,"Jordan Whittington",LAR,"WR125","25","284","384","321.2","26.8","-"
"315",13,"Jack Endries",CIN,"TE53","22","257","369","312.4","29.6","-"
"316",13,"Zavion Thomas",CHI,"WR126","22","235","458","298.8","58.7","-"
"317",14,"Calvin Austin III",NYG,"WR127","27","249","379","302.4","41.6","-"
"318",14,"Justin Fields",KC,"QB40","27","150","310","197.2","58.6","-"
"319",14,"Jaylin Lane",WAS,"WR128","24","253","366","305.6","28.0","-"
"320",14,"Malik Davis",DAL,"RB99","27","224","342","291.6","38.7","-"
"321",14,"Tyler Higbee",LAR,"TE54","33","230","373","310.1","37.6","-"
"322",14,"John Metchie III",CAR,"WR129","26","261","378","310.1","29.6","-"
"323",14,"Noah Gray",KC,"TE55","27","276","340","311.0","21.4","-"
"324",14,"Dawson Knox",BUF,"TE56","29","287","370","315.0","24.4","-"
"325",14,"Kirk Cousins",LV,"QB41","38","147","304","224.0","55.2","-"
"326",14,"Konata Mumpfield",LAR,"WR130","23","239","374","304.8","41.2","-"
"327",14,"Deion Burks",IND,"WR131","23","270","383","310.1","30.1","-"
"328",14,"Savion Williams",GB,"WR132","24","280","396","311.0","33.2","-"
"329",14,"Erick All Jr.",CIN,"TE57","25","287","350","314.0","22.7","-"
"330",14,"Malik Benson",LV,"WR133","23","236","365","297.9","38.2","-"
"331",14,"KeAndre Lambert-Smith",LAC,"WR134","24","285","376","323.8","25.0","-"
"332",14,"Jahan Dotson",ATL,"WR135","26","295","418","326.7","35.4","-"
"333",14,"Luke Musgrave",GB,"TE58","25","290","346","326.9","17.3","-"
"334",14,"Mitchell Evans",CAR,"TE59","23","234","410","312.0","52.1","-"
"335",14,"Quinn Ewers",MIA,"QB42","23","138","347","225.0","77.1","-"
"336",14,"Treylon Burks",WAS,"WR136","26","281","413","330.3","35.6","-"
"337",14,"Joe Royer",CLE,"TE60","24","301","367","331.0","19.5","-"
"338",14,"Cade Klubnik",NYJ,"QB43","22","166","315","226.4","56.0","-"
"339",14,"Jalen Milroe",SEA,"QB44","23","160","343","228.2","73.7","-"
"340",14,"Charlie Kolar",LAC,"TE61","27","235","361","315.9","38.1","-"
"341",14,"Josh Cameron",JAC,"WR137","23","265","401","316.1","36.8","-"
"342",14,"Drew Allar",PIT,"QB45","22","156","317","230.8","60.4","-"
"343",14,"Noah Fant",NO,"TE62","28","283","360","317.8","32.0","-"
"344",14,"Samaje Perine",CIN,"RB100","30","260","407","324.0","46.6","-"
"345",14,"Barion Brown",NO,"WR138","22","279","363","325.8","25.0","-"
"346",14,"Jeff Caldwell",KC,"WR139","23","301","409","336.3","32.7","-"
"347",14,"Tutu Atwell",MIA,"WR140","26","281","400","320.3","35.9","-"
"348",14,"Kareem Hunt",FA,"RB101","31","265","397","326.9","45.5","-"
"349",14,"Joe Mixon",FA,"RB102","30","255","377","305.3","47.9","-"
"350",14,"Mack Hollins",NE,"WR141","32","263","399","330.0","42.7","-"
"351",14,"Tai Felton",MIN,"WR142","23","288","386","335.7","29.8","-"
"352",14,"Zach Ertz",FA,"TE63","35","296","377","335.7","25.8","-"
"353",14,"Garrett Nussmeier",KC,"QB46","24","153","340","252.8","67.0","-"
"354",14,"Jam Miller",NE,"RB103","22","267","425","323.8","55.3","-"
"355",14,"Will Howard",PIT,"QB47","24","206","346","258.5","52.9","-"
"356",14,"Cole Payton",PHI,"QB48","23","176","368","265.5","68.6","-"
"357",14,"Nate Boerkircher",JAC,"TE64","24","306","461","350.1","48.0","-"
"358",14,"KaVontae Turpin",DAL,"WR143","30","309","372","332.8","22.6","-"
"359",14,"Tyren Montgomery",TEN,"WR144","-","320","397","351.3","24.8","-"
"360",14,"Ty Johnson",BUF,"RB104","28","274","419","337.8","46.5","-"
"361",14,"Kendrick Bourne",ARI,"WR145","31","292","374","339.8","28.5","-"
"362",14,"Colbie Young",CIN,"WR146","24","292","441","341.8","49.6","-"
"363",14,"Tyson Bagent",CHI,"QB49","26","155","335","222.7","80.0","-"
"364",14,"Dyami Brown",WAS,"WR147","26","293","402","346.2","33.8","-"
"365",14,"Kendrick Law",DET,"WR148","23","257","366","323.8","38.0","-"
"366",14,"Elijah Higgins",ARI,"TE65","25","318","371","349.7","20.4","-"
"367",14,"Joe Milton III",DAL,"QB50","26","178","353","238.3","81.1","-"
"368",14,"Dallen Bentley",DEN,"TE66","25","323","382","353.2","21.8","-"
"369",14,"DeAndre Hopkins",BAL,"WR149","34","328","387","353.2","23.3","-"
"370",14,"Robert Henry Jr.",WAS,"RB105","24","299","364","333.6","21.5","-"
"371",14,"Roschon Johnson",CHI,"RB106","25","308","416","357.0","36.0","-"
"372",14,"Nick Chubb",FA,"RB107","30","268","422","337.8","61.6","-"
"373",14,"Xavier Hutchinson",HOU,"WR150","26","312","414","362.0","32.2","-"
"374",14,"Reggie Virgil",ARI,"WR151","22","309","367","343.8","19.7","-"
"375",14,"Jawhar Jordan",HOU,"RB108","27","266","399","345.2","49.1","-"
"376",14,"Devontez Walker",BAL,"WR152","25","300","422","345.2","42.4","-"
"377",14,"Dae'Quan Wright",CLE,"TE67","22","322","373","347.4","18.6","-"
"378",14,"Austin Hooper",ATL,"TE68","31","292","394","347.8","39.8","-"
"379",14,"Eric Rivers Jr.",TB,"WR153","23","302","427","347.8","44.8","-"
"380",14,"Tyler Conklin",DET,"TE69","31","240","393","324.0","58.2","-"
"381",15,"Taylen Green",CLE,"QB51","23","234","336","279.0","42.5","-"
"382",15,"Jeremy McNichols",WAS,"RB109","30","277","417","354.4","47.0","-"
"383",15,"Nick Westbrook-Ikhine",IND,"WR154","29","333","396","355.0","25.6","-"
"384",15,"Bam Knight",ARI,"RB110","25","298","404","357.0","37.0","-"
"385",15,"Rasheen Ali",BAL,"RB111","25","275","409","357.2","50.7","-"
"386",15,"Olamide Zaccheaus",ATL,"WR155","29","329","395","357.8","25.6","-"
"387",15,"Jameis Winston",NYG,"QB52","32","183","369","290.7","78.7","-"
"388",15,"Grant Calcaterra",PHI,"TE70","27","281","411","360.0","45.7","-"
"389",15,"Marcus Mariota",WAS,"QB53","32","185","370","292.3","78.4","-"
"390",15,"Thomas Fidone II",NYG,"TE71","23","316","410","360.2","38.9","-"
"391",15,"Jaydn Ott",KC,"RB112","23","328","398","362.6","24.1","-"
"392",15,"Jonnu Smith",FA,"TE72","31","336","378","362.8","14.7","-"
"393",15,"Riley Nowakowski",PIT,"TE73","24","295","448","367.0","51.4","-"
"394",15,"Josh Cuevas",BAL,"TE74","22","311","411","368.8","36.7","-"
"395",15,"Carsen Ryan",CLE,"TE75","22","308","423","369.2","40.4","-"
"396",15,"Jaren Kanak",TEN,"TE76","22","300","437","370.6","43.8","-"
"397",15,"Darren Waller",CAR,"TE77","33","243","408","348.8","63.7","-"
"398",15,"Phil Mafah",DAL,"RB113","23","258","392","352.0","55.2","-"
"399",15,"Josh Oliver",MIN,"TE78","29","283","413","352.3","55.1","-"
"400",15,"Roman Wilson",PIT,"WR156","25","306","459","374.2","53.2","-"
"401",15,"Dameon Pierce",PHI,"RB114","26","313","410","353.3","41.2","-"
"402",15,"Raheim Sanders",CLE,"RB115","24","316","415","375.6","37.2","-"
"403",15,"Jordan Watkins",SF,"WR157","24","305","403","354.3","43.6","-"
"404",15,"Kaden Wetjen",PIT,"WR158","24","341","435","376.4","31.7","-"
"405",15,"Will Kacmarek",MIA,"TE79","23","307","380","355.3","28.4","-"
"406",15,"Cade Stover",HOU,"TE80","26","342","406","379.6","20.8","-"
"407",15,"Jeremy Ruckert",NYJ,"TE81","26","294","424","362.8","54.7","-"
"408",15,"Eric McAlister",FA,"WR159","-","313","407","368.5","34.6","-"
"409",15,"Jared Wiley",KC,"TE82","25","322","423","372.0","43.6","-"
"410",15,"Spencer Rattler",NO,"QB54","25","266","389","342.7","54.6","-"
"411",15,"Terion Stewart",KC,"RB116","24","323","420","372.5","40.1","-"
"412",15,"Raheem Mostert",LV,"RB117","34","329","432","374.8","39.5","-"
"413",15,"Greg Dortch",DET,"WR160","28","324","431","375.0","40.1","-"
"414",15,"Seydou Traore",MIA,"TE83","24","278","445","375.8","61.2","-"
"415",15,"Efton Chism III",NE,"WR161","24","357","421","384.8","24.0","-"
"416",15,"Luke Schoonmaker",DAL,"TE84","27","354","438","387.5","33.1","-"
"417",15,"Daniel Bellinger",TEN,"TE85","25","358","437","390.8","33.7","-"
"418",15,"Aaron Anderson",FA,"WR162","23","359","388","370.0","12.8","-"
"419",15,"Chase Roberts",LV,"WR163","25","311","453","394.3","52.0","-"
"420",15,"Dean Connors",LAR,"RB118","22","319","432","395.3","45.1","-"
"421",15,"Adam Trautman",DEN,"TE86","29","325","438","395.8","42.6","-"
"422",15,"Tyler Lockett",LV,"WR164","33","315","466","376.0","65.0","-"
"423",15,"Jimmy Horn Jr.",CAR,"WR165","23","334","434","397.3","38.4","-"
"424",15,"Antonio Gibson",FA,"RB119","28","271","462","376.0","79.1","-"
"425",15,"Julian Hill",NE,"TE87","26","367","441","398.5","28.3","-"
"426",15,"Tanner McKee",PHI,"QB55","26","268","404","336.0","68.0","-"
"427",15,"Davis Mills",HOU,"QB56","27","269","405","337.0","68.0","-"
"428",15,"Darius Cooper",PHI,"WR166","24","310","517","397.3","87.5","-"
"429",15,"Tommy Tremble",CAR,"TE88","26","362","439","400.3","28.3","-"
"430",15,"Riley Leonard",IND,"QB57","23","274","408","341.0","67.0","-"
"431",15,"Jahdae Walker",CHI,"WR167","24","355","431","402.3","30.2","-"
"432",15,"Elijah Moore",PHI,"WR168","26","311","436","384.0","53.1","-"
"433",15,"Bo Melton",GB,"WR169","27","358","435","404.0","30.8","-"
"434",15,"Brandon Polk",FA,"WR170","29","340","362","351.0","11.0","-"
"435",15,"Will Levis",TEN,"QB58","27","299","417","358.0","59.0","-"
"436",15,"Dillon Gabriel",CLE,"QB59","25","300","418","359.0","59.0","-"
"437",15,"Ashton Dulin",IND,"WR171","29","356","460","410.5","39.5","-"
"438",15,"Damien Martinez",GB,"RB120","22","355","473","397.3","53.6","-"
"439",15,"Hunter Long",JAC,"TE89","28","379","440","411.8","23.3","-"
"440",15,"John Michael Gyllenborg",KC,"TE90","24","382","412","395.7","12.4","-"
"441",15,"Joe Flacco",CIN,"QB60","41","301","427","364.0","63.0","-"
"442",15,"Michael Carter",TEN,"RB121","27","276","276","276.0","0.0","-"
"443",15,"Kenny Pickett",CAR,"QB61","28","328","419","373.5","45.5","-"
"444",15,"Odell Beckham Jr.",NYG,"WR172","33","288","288","288.0","0.0","-"
"445",15,"Desmond Reid",FA,"RB122","22","288","485","386.5","98.5","-"
"446",15,"Kalel Mullings",TEN,"RB123","23","289","289","289.0","0.0","-"
"447",15,"Mason Rudolph",PIT,"QB62","31","329","428","378.5","49.5","-"
"448",15,"Allen Lazard",FA,"WR173","30","296","524","410.0","114.0","-"
"449",15,"Tyler Goodson",ATL,"RB124","25","297","297","297.0","0.0","-"
"450",15,"Gardner Minshew II",ARI,"QB63","30","330","429","379.5","49.5","-"
"451",15,"Xavier Restrepo",TEN,"WR174","24","360","459","407.3","40.5","-"
"452",15,"Brevin Jordan",HOU,"TE91","26","304","457","380.5","76.5","-"
"453",15,"Zach Wilson",NO,"QB64","27","331","430","380.5","49.5","-"
"454",15,"Cam Akers",FA,"RB125","27","300","300","300.0","0.0","-"
"455",15,"Curtis Samuel",FA,"WR175","30","315","448","381.5","66.5","-"
"456",15,"Khalil Herbert",SF,"RB126","28","301","479","390.0","89.0","-"
"457",15,"Kalif Raymond",CHI,"WR176","32","308","458","383.0","75.0","-"
"458",15,"Lil'Jordan Humphrey",DEN,"WR177","28","307","509","408.0","101.0","-"
"459",15,"Tyrell Shavers",BUF,"WR178","27","309","463","386.0","77.0","-"
"460",15,"Davis Allen",LAR,"TE92","25","311","493","402.0","91.0","-"
"461",16,"Javon Baker",FA,"WR179","24","317","495","406.0","89.0","-"
"462",16,"Dane Key",DEN,"WR180","23","325","476","400.5","75.5","-"
"463",16,"Malachi Corley",CLE,"WR181","24","327","489","408.0","81.0","-"
"464",16,"Demarcus Robinson",SF,"WR182","31","339","451","395.0","56.0","-"
"465",16,"Diontae Johnson",FA,"WR183","30","328","467","397.5","69.5","-"
"466",16,"Romello Brinson",FA,"WR184","24","330","478","404.0","74.0","-"
"467",16,"Ja'Lynn Polk",FA,"WR185","24","334","334","334.0","0.0","-"
"468",16,"Harrison Wallace III",ARI,"WR186","23","334","477","405.5","71.5","-"
"469",16,"Miles Sanders",FA,"RB127","29","338","470","404.0","66.0","-"
"470",16,"Gabe Davis",FA,"WR187","27","340","461","400.5","60.5","-"
"471",16,"Jermaine Burton",FA,"WR188","25","341","469","405.0","64.0","-"
"472",16,"Austin Ekeler",FA,"RB128","31","400","460","422.0","27.0","-"
"473",16,"Brandin Cooks",FA,"WR189","32","345","468","406.5","61.5","-"
"474",16,"Theo Wease Jr.",MIA,"WR190","25","374","464","426.0","38.0","-"
"475",16,"Arian Smith",NYJ,"WR191","24","352","512","432.0","80.0","-"
"476",16,"Trey Lance",LAC,"QB65","26","374","442","408.0","34.0","-"
"477",16,"Jake Browning",TB,"QB66","30","375","443","409.0","34.0","-"
"478",16,"Sam Howell",DAL,"QB67","25","376","444","410.0","34.0","-"
"479",16,"Carson Wentz",MIN,"QB68","33","377","445","411.0","34.0","-"
"480",16,"Jackson Hawes",BUF,"TE93","25","367","497","432.0","65.0","-"
"481",16,"Myles Price",MIN,"WR192","24","373","373","373.0","0.0","-"
"482",16,"Isaiah Williams",FA,"WR193","39","375","500","437.5","62.5","-"
"483",16,"Joshua Dobbs",DET,"QB69","31","378","490","434.0","56.0","-"
"484",16,"Jalin Hyatt",NYG,"WR194","24","421","447","434.0","13.0","-"
"485",16,"Jamari Thrash",CLE,"WR195","25","430","510","470.0","40.0","-"
"486",16,"Kevin Austin Jr.",NO,"WR196","26","433","508","470.5","37.5","-"
"487",16,"Jared Wayne",HOU,"WR197","25","434","507","470.5","36.5","-"
"488",16,"Damien Alford",FA,"WR198","25","436","506","471.0","35.0","-"
"489",16,"Foster Moreau",HOU,"TE94","29","446","455","450.5","4.5","-"
"490",16,"Dohnte Meyers",CIN,"WR199","26","439","505","472.0","33.0","-"
"491",16,"Jacob Cowing",SF,"WR200","25","450","452","451.0","1.0","-"
"492",16,"Sterling Shepard",FA,"WR201","33","442","504","473.0","31.0","-"
"493",16,"JuJu Smith-Schuster",NYG,"WR202","29","443","503","473.0","30.0","-"
"494",16,"Josh Reynolds",FA,"WR203","31","444","502","473.0","29.0","-"
"495",16,"Mitchell Trubisky",TEN,"QB70","32","446","446","446.0","0.0","-"
"496",16,"Taysom Hill",FA,"TE95","36","452","456","454.0","2.0","-"
"497",16,"RJ Maryland",GB,"TE96","22","454","454","454.0","0.0","-"
"498",16,"Will Dissly",FA,"TE97","30","447","496","471.5","24.5","-"
"499",16,"Isaiah Hodgins",NYG,"WR204","27","453","457","455.0","2.0","-"
"500",16,"Trey Palmer",NO,"WR205","25","449","449","449.0","0.0","-"
"501",16,"Van Jefferson",WAS,"WR206","30","455","456","455.5","0.5","-"
"502",16,"Noah Brown",FA,"WR207","30","449","501","475.0","26.0","-"
"503",16,"Isaiah Williams",NYJ,"WR208","25","450","540","495.0","45.0","-"
"504",16,"Jake Bobo",SEA,"WR209","28","451","498","474.5","23.5","-"
"505",16,"Ty Chandler",NO,"RB129","28","465","465","465.0","0.0","-"
"506",16,"Elijah Mitchell",FA,"RB130","28","471","471","471.0","0.0","-"
"507",16,"Zack Moss",FA,"RB131","28","472","472","472.0","0.0","-"
"508",16,"Alexander Mattison",FA,"RB132","28","474","474","474.0","0.0","-"
"509",16,"Sincere McCormick",SF,"RB133","25","475","475","475.0","0.0","-"
"510",16,"Noah Thomas",CIN,"WR210","22","480","480","480.0","0.0","-"
"511",16,"Zamir White",SF,"RB134","26","481","481","481.0","0.0","-"
"512",16,"CJ Donaldson",NO,"RB135","22","482","482","482.0","0.0","-"
"513",16,"Noah Whittington",HOU,"RB136","24","483","483","483.0","0.0","-"
"514",16,"Daylan Smothers",FA,"RB137","21","484","484","484.0","0.0","-"
"515",16,"Rahsul Faison",FA,"RB138","-","486","486","486.0","0.0","-"
"516",16,"Trebor Pena",JAC,"WR211","24","487","487","487.0","0.0","-"
"517",16,"Mark Fletcher",FA,"RB139","21","488","488","488.0","0.0","-"
"518",16,"Chip Trayanum",NYJ,"RB140","24","491","491","491.0","0.0","-"
"519",16,"Brock Wright",DET,"TE98","27","492","492","492.0","0.0","-"
"520",16,"Tyler Huntley",BAL,"QB71","28","494","494","494.0","0.0","-"
"521",16,"Aidan O'Connell",LV,"QB72","27","499","499","499.0","0.0","-"
"522",16,"Marquez Valdes-Scantling",DAL,"WR212","31","511","511","511.0","0.0","-"
"523",16,"Tim Patrick",NYJ,"WR213","32","513","513","513.0","0.0","-"
"524",16,"Mitch Tinsley",CIN,"WR214","26","514","514","514.0","0.0","-"
"525",16,"Tanner Hudson",CIN,"TE99","31","515","515","515.0","0.0","-"
"526",16,"Zay Jones",FA,"WR215","31","516","516","516.0","0.0","-"
"527",16,"Jonathan Mingo",DAL,"WR216","25","518","518","518.0","0.0","-"
"528",16,"Tyler Johnson",DAL,"WR217","27","519","519","519.0","0.0","-"
"529",16,"Vinny Anthony II",ATL,"WR218","-","520","520","520.0","0.0","-"
"530",16,"Nick Nash",WAS,"WR219","26","521","521","521.0","0.0","-"
"531",16,"Tyler Scott",LAR,"WR220","24","522","522","522.0","0.0","-"
"532",16,"David Moore",CAR,"WR221","31","523","523","523.0","0.0","-"
"533",16,"Cedrick Wilson Jr.",DET,"WR222","30","525","525","525.0","0.0","-"
"534",16,"Casey Washington",CAR,"WR223","25","526","526","526.0","0.0","-"
"535",16,"Chris Moore",BAL,"WR224","33","527","527","527.0","0.0","-"
"536",16,"Ricky White III",SEA,"WR225","24","528","528","528.0","0.0","-"
"537",16,"Ray-Ray McCloud III",CHI,"WR226","29","529","529","529.0","0.0","-"
"538",16,"Dante Pettis",BUF,"WR227","30","530","530","530.0","0.0","-"
"539",16,"Scotty Miller",CHI,"WR228","29","531","531","531.0","0.0","-"
"540",16,"Ben Skowronek",PIT,"WR229","29","532","532","532.0","0.0","-"
"541",16,"Michael Bandy",DEN,"WR230","28","533","533","533.0","0.0","-"
"542",16,"Shedrick Jackson",LV,"WR231","26","534","534","534.0","0.0","-"
"543",16,"Xavier Smith",LAR,"WR232","28","535","535","535.0","0.0","-"
"544",16,"Johnny Wilson",PHI,"WR233","25","536","536","536.0","0.0","-"
"545",16,"David Sills V",TB,"WR234","30","537","537","537.0","0.0","-"
"546",16,"Henry Ruggs III",FA,"WR235","27","538","538","538.0","0.0","-"
"547",16,"Skyy Moore",GB,"WR236","25","539","539","539.0","0.0","-"