"Rank","Player","Team","Bye","POS","AVG"
"1","Jahmyr Gibbs","DET","6","RB1","1.5"
"2","Bijan Robinson","ATL","11","RB2","1.5"
"3","Ja'Marr Chase","CIN","6","WR1","4.5"
"4","Christian McCaffrey","SF","8","RB3","4.5"
"5","Jonathan Taylor","IND","13","RB4","5.0"
"6","Puka Nacua","LAR","11","WR2","6.5"
"7","James Cook III","BUF","7","RB5","7.0"
"8","Jaxon Smith-Njigba","SEA","11","WR3","8.0"
"9","De'Von Achane","MIA","6","RB6","9.0"
"10","Derrick Henry","BAL","13","RB7","13.0"
"11","Amon-Ra St. Brown","DET","6","WR4","13.0"
"12","Omarion Hampton","LAC","7","RB8","13.0"
"13","Ashton Jeanty","LV","13","RB9","14.0"
"14","CeeDee Lamb","DAL","14","WR5","14.0"
"15","Saquon Barkley","PHI","10","RB10","14.5"
"16","Chase Brown","CIN","6","RB11","15.0"
"17","Justin Jefferson","MIN","6","WR6","16.0"
"18","Josh Allen","BUF","7","QB1","18.0"
"19","Kenneth Walker III","KC","5","RB12","20.0"
"20","Drake London","ATL","11","WR7","21.0"
"21","Kyren Williams","LAR","11","RB13","21.5"
"22","Jeremiyah Love","ARI","14","RB14","23.0"
"23","Trey McBride","ARI","14","TE1","24.5"
"24","Nico Collins","HOU","8","WR8","25.5"
"25","A.J. Brown","NE","11","WR9","26.0"
"26","Brock Bowers","LV","13","TE2","26.0"
"27","George Pickens","DAL","14","WR10","26.0"
"28","Chris Olave","NO","8","WR11","26.5"
"29","Breece Hall","NYJ","13","RB15","29.0"
"30","Malik Nabers","NYG","8","WR12","29.0"
"31","Javonte Williams","DAL","14","RB16","29.5"
"32","Travis Etienne Jr.","NO","8","RB17","34.0"
"33","Lamar Jackson","BAL","13","QB2","35.5"
"34","Rashee Rice","KC","5","WR13","35.5"
"35","Bucky Irving","TB","10","RB18","37.0"
"36","Josh Jacobs","GB","11","RB19","37.5"
"37","Garrett Wilson","NYJ","13","WR14","38.5"
"38","Cam Skattebo","NYG","8","RB20","40.5"
"39","Quinshon Judkins","CLE","11","RB21","41.0"
"40","Tetairoa McMillan","CAR","5","WR15","42.5"
"41","Zay Flowers","BAL","13","WR16","43.0"
"42","Luther Burden III","CHI","10","WR17","43.0"
"43","Tee Higgins","CIN","6","WR18","43.5"
"44","D'Andre Swift","CHI","10","RB22","44.5"
"45","DeVonta Smith","PHI","10","WR19","45.0"
"46","Ladd McConkey","LAC","7","WR20","45.0"
"47","Colston Loveland","CHI","10","TE3","45.0"
"48","TreVeyon Henderson","NE","11","RB23","47.0"
"49","Jaylen Waddle","DEN","10","WR21","47.0"
"50","DJ Moore","BUF","7","WR22","47.5"
"51","Bhayshul Tuten","JAC","7","RB24","48.0"
"52","David Montgomery","HOU","8","RB25","49.0"
"53","Emeka Egbuka","TB","10","WR23","50.5"
"54","Davante Adams","LAR","11","WR24","53.0"
"55","Drake Maye","NE","11","QB3","54.5"
"56","Jameson Williams","DET","6","WR25","55.5"
"57","Joe Burrow","CIN","6","QB4","55.5"
"58","Tyler Warren","IND","13","TE4","58.0"
"59","Terry McLaurin","WAS","7","WR26","59.5"
"60","Jaylen Warren","PIT","9","RB26","61.0"
"61","Rhamondre Stevenson","NE","11","RB27","62.0"
"62","RJ Harvey","DEN","10","RB28","64.5"
"63","Harold Fannin Jr.","CLE","11","TE5","65.5"
"64","Rome Odunze","CHI","10","WR27","66.0"
"65","Jadarian Price","SEA","11","RB29","67.5"
"66","Mike Evans","SF","8","WR28","67.5"
"67","Jayden Daniels","WAS","7","QB5","68.0"
"68","Christian Watson","GB","11","WR29","68.0"
"69","Rico Dowdle","PIT","9","RB30","69.0"
"70","Jalen Hurts","PHI","10","QB6","71.0"
"71","Parker Washington","JAC","7","WR30","71.5"
"72","Tony Pollard","TEN","9","RB31","71.5"
"73","Carnell Tate","TEN","9","WR31","75.0"
"74","Tucker Kraft","GB","11","TE6","76.5"
"75","Michael Wilson","ARI","14","WR32","78.0"
"76","Kyle Monangai","CHI","10","RB32","78.5"
"77","Courtland Sutton","DEN","10","WR33","79.0"
"78","Kyle Pitts Sr.","ATL","11","TE7","81.0"
"79","J.K. Dobbins","DEN","10","RB33","82.0"
"80","Blake Corum","LAR","11","RB34","82.5"
"81","DK Metcalf","PIT","9","WR34","83.5"
"82","Chuba Hubbard","CAR","5","RB35","85.0"
"83","Marvin Harrison Jr.","ARI","14","WR35","85.0"
"84","Chris Godwin Jr.","TB","10","WR36","86.0"
"85","Brian Thomas Jr.","JAC","7","WR37","86.0"
"86","Caleb Williams","CHI","10","QB7","87.5"
"87","Sam LaPorta","DET","6","TE8","89.0"
"88","Justin Herbert","LAC","7","QB8","89.5"
"89","Trevor Lawrence","JAC","7","QB9","92.0"
"90","Kenny Gainwell","TB","10","RB36","93.5"
"91","Wan'Dale Robinson","TEN","9","WR38","94.5"
"92","Jordan Mason","MIN","6","RB37","94.5"
"93","Dak Prescott","DAL","14","QB10","95.5"
"94","Jaxson Dart","NYG","8","QB11","96.0"
"95","Alec Pierce","IND","13","WR39","99.0"
"96","Jacory Croskey-Merritt","WAS","7","RB38","99.5"
"97","Jakobi Meyers","JAC","7","WR40","100.0"
"98","George Kittle","SF","8","TE9","104.5"
"99","Dalton Kincaid","BUF","7","TE10","105.0"
"100","Aaron Jones Sr.","MIN","6","RB39","105.0"
"101","Jordyn Tyson","NO","8","WR41","107.5"
"102","Jordan Addison","MIN","6","WR42","107.5"
"103","Isaiah Likely","NYG","8","TE11","108.5"
"104","Travis Kelce","KC","5","TE12","111.0"
"105","Tyler Allgeier","ARI","14","RB40","112.0"
"106","Woody Marks","HOU","8","RB41","112.0"
"107","Patrick Mahomes II","KC","5","QB12","112.0"
"108","Quentin Johnston","LAC","7","WR43","112.5"
"109","Michael Pittman Jr.","PIT","9","WR44","112.5"
"110","Brock Purdy","SF","8","QB13","114.0"
"111","Jake Ferguson","DAL","14","TE13","115.0"
"112","Mark Andrews","BAL","13","TE14","116.5"
"113","Juwan Johnson","NO","8","TE15","117.0"
"114","Dallas Goedert","PHI","10","TE16","118.5"
"115","Josh Downs","IND","13","WR45","119.0"
"116","Jonathon Brooks","CAR","5","RB42","120.0"
"117","Bo Nix","DEN","10","QB14","120.5"
"118","Jayden Reed","GB","11","WR46","121.5"
"119","Stefon Diggs","WAS","7","WR47","122.5"
"120","Rachaad White","WAS","7","RB43","123.0"
"121","Zach Charbonnet","SEA","11","RB44","123.0"
"122","Brian Robinson Jr.","ATL","11","RB45","123.5"
"123","Matthew Stafford","LAR","11","QB15","123.5"
"124","Hunter Henry","NE","11","TE17","126.0"
"125","Brandon Aubrey","DAL","14","K1","126.5"
"126","Romeo Doubs","NE","11","WR48","130.5"
"127","Tyjae Spears","TEN","9","RB46","132.0"
"128","Jonah Coleman","DEN","10","RB47","132.5"
"129","Jared Goff","DET","6","QB16","133.0"
"130","Tyrone Tracy Jr.","NYG","8","RB48","133.5"
"131","Houston Texans DST","8","","DST1","135.0"
"132","KC Concepcion","CLE","11","WR49","135.5"
"133","Los Angeles Rams DST","11","","DST2","138.0"
"134","Mike Washington Jr.","LV","13","RB49","138.5"
"135","Xavier Worthy","KC","5","WR50","139.0"
"136","Jordan Love","GB","11","QB17","142.0"
"137","Khalil Shakir","BUF","7","WR51","144.0"
"138","Brenton Strange","JAC","7","TE18","144.5"
"139","Seattle Seahawks DST","11","","DST3","144.5"
"140","Chris Rodriguez Jr.","JAC","7","RB50","145.0"
"141","Baker Mayfield","TB","10","QB18","147.0"
"142","Jalen Coker","CAR","5","WR52","147.5"
"143","Dalton Schultz","HOU","8","TE19","148.0"
"144","Alvin Kamara","NO","8","RB51","149.5"
"145","Denver Broncos DST","10","","DST4","150.5"
"146","Deebo Samuel Sr.","SF","8","WR53","152.0"
"147","Emmett Johnson","KC","5","RB52","153.5"
"148","Malik Willis","MIA","6","QB19","153.5"
"149","Dylan Sampson","CLE","11","RB53","154.0"
"150","Tyler Shough","NO","8","QB20","155.0"
"151","Cameron Dicker","LAC","7","K2","157.5"
"152","Keaton Mitchell","LAC","7","RB54","158.0"
"153","Kyler Murray","MIN","6","QB21","158.5"
"154","Kenyon Sadiq","NYJ","13","TE20","159.0"
"155","Tank Bigsby","PHI","10","RB55","159.5"
"156","T.J. Hockenson","MIN","6","TE21","160.0"
"157","Philadelphia Eagles DST","10","","DST5","160.5"
"158","Braelon Allen","NYJ","13","RB56","161.5"
"159","David Njoku","LAC","7","TE22","162.0"
"160","Rashid Shaheed","SEA","11","WR54","162.5"
"161","Isiah Pacheco","DET","6","RB57","163.5"
"162","Chig Okonkwo","WAS","7","TE23","163.5"
"163","Matthew Golden","GB","11","WR55","164.5"
"164","Oronde Gadsden II","LAC","7","TE24","167.5"
"165","Jauan Jennings","MIN","6","WR56","168.0"
"166","Jason Myers","SEA","11","K3","171.5"
"167","Kayshon Boutte","HOU","8","WR57","174.5"
"168","Terrance Ferguson","LAR","11","TE25","175.5"
"169","Sam Darnold","SEA","11","QB22","178.5"
"170","C.J. Stroud","HOU","8","QB23","180.5"
"171","Ja'Kobi Lane","BAL","13","WR58","181.5"
"172","Cam Little","JAC","7","K4","182.5"
"173","Ka'imi Fairbairn","HOU","8","K5","183.0"
"174","Denzel Boston","CLE","11","WR59","183.0"
"175","De'Zhaun Stribling","SF","8","WR60","185.5"
"176","James Conner","ARI","14","RB58","187.0"
"177","New England Patriots DST","11","","DST6","188.0"
"178","Baltimore Ravens DST","13","","DST7","191.5"
"179","Calvin Ridley","TEN","9","WR61","194.0"
"180","Minnesota Vikings DST","6","","DST8","194.0"
"181","Jerry Jeudy","CLE","11","WR62","194.0"
"182","MarShawn Lloyd","GB","11","RB59","95.0"
"183","Kimani Vidal","LAC","7","RB60","196.0"
"184","Tyler Loop","BAL","13","K6","197.5"
"185","Omar Cooper Jr.","NYJ","13","WR63","199.0"
"186","Harrison Mevis","LAR","11","K7","199.5"
"187","Adonai Mitchell","NYJ","13","WR64","200.0"
"188","Ray Davis","BUF","7","RB61","201.0"
"189","AJ Barner","SEA","11","TE26","201.5"
"190","Tre Tucker","LV","13","WR65","201.5"
"191","Cam Ward","TEN","9","QB24","202.0"
"192","Bryce Young","CAR","5","QB25","203.0"
"193","Daniel Jones","IND","13","QB26","204.5"
"194","Najee Harris","NYG","8","RB62","204.5"
"195","Jalen McMillan","TB","10","WR66","205.5"
"196","Cade Otton","TB","10","TE27","207.0"
"197","Kaytron Allen","WAS","7","RB63","207.5"
"198","Makai Lemon","PHI","10","WR67","119.0"
"199","Sean Tucker","TB","10","RB64","209.0"
"200","Jacksonville Jaguars DST","7","","DST9","209.0"
"201","Fernando Mendoza","LV","13","QB27","210.0"
"202","Gunnar Helm","TEN","9","TE28","210.5"
"203","Harrison Butker","KC","5","K8","210.5"
"204","Tyreek Hill","","","WR68","211.0"
"205","Colby Parkinson","LAR","11","TE29","211.5"
"206","Trey Benson","ARI","14","RB65","128.0"
"207","Travis Hunter","JAC","7","WR69","212.5"
"208","Jalen Nailor","LV","13","WR70","213.0"
"209","Nicholas Singleton","TEN","9","RB66","213.5"
"210","Jacoby Brissett","ARI","14","QB28","215.0"
"211","Tre' Harris","LAC","7","WR71","215.0"
"212","Jake Bates","DET","6","K9","215.0"
"213","Kaleb Johnson","GB","11","RB67","215.0"
"214","Pittsburgh Steelers DST","9","","DST10","216.0"
"215","Keenan Allen","IND","13","WR72","217.5"
"216","Jaylen Wright","MIA","6","RB68","218.0"
"217","Andy Borregales","NE","11","K10","224.0"
"218","Emanuel Wilson","SEA","11","RB69","224.5"
"219","Chris Boswell","PIT","9","K11","225.0"
"220","Jaydon Blue","","","RB70","225.5"
"221","Eddy Pineiro","SF","8","K12","226.0"
"222","Pat Bryant","DEN","10","WR73","227.5"
"223","Mason Taylor","NYJ","13","TE30","159.0"
"224","Los Angeles Chargers DST","7","","DST11","228.0"
"225","Malachi Fields","NYG","8","WR74","228.5"
"226","Michael Penix Jr.","ATL","11","QB29","229.5"
"227","Eli Stowers","PHI","10","TE31","163.0"
"228","Antonio Williams","WAS","7","WR75","230.5"
"229","Kaelon Black","SF","8","RB71","166.0"
"230","Chris Bell","MIA","6","WR76","231.5"
"231","Wil Lutz","DEN","10","K13","232.0"
"232","Dontayvion Wicks","PHI","10","WR77","168.0"
"233","Zachariah Branch","ATL","11","WR78","233.0"
"234","Theo Johnson","NYG","8","TE32","170.0"
"235","Detroit Lions DST","6","","DST12","235.5"
"236","Tank Dell","HOU","8","WR79","237.0"
"237","Will Reichard","MIN","6","K14","237.5"
"238","Aaron Rodgers","PIT","9","QB30","179.0"
"239","Shedeur Sanders","CLE","11","QB31","238.0"
"240","Geno Smith","NYJ","13","QB32","183.0"
"241","Green Bay Packers DST","11","","DST13","240.0"
"242","Demond Claiborne","MIN","6","RB72","240.5"
"243","Kirk Cousins","LV","13","QB33","187.0"
"244","Tua Tagovailoa","ATL","11","QB34","242.5"
"245","Austin Ekeler","","","RB73","191.0"
"246","Ryan Flournoy","DAL","14","WR80","244.0"
"247","Cairo Santos","CHI","10","K15","244.0"
"248","New York Giants DST","8","","DST14","244.5"
"249","Malik Washington","MIA","6","WR81","193.0"
"250","Cyrus Allen","KC","5","WR82","194.0"
"251","Devaughn Vele","NO","8","WR83","246.0"
"252","Justice Hill","BAL","13","RB74","196.0"
"253","Dallas Cowboys DST","14","","DST15","246.5"
"254","Joe Mixon","","","RB75","200.0"
"255","Deshaun Watson","CLE","11","QB35","204.0"
"256","Jake Tonges","SF","8","TE33","251.0"
"257","Devin Neal","NO","8","RB76","208.0"
"258","Troy Franklin","DEN","10","WR84","211.0"
"259","Caleb Douglas","MIA","6","WR85","211.0"
"260","Dominic Zvada","NYG","8","K16","214.0"
"261","Isaac TeSlaa","DET","6","WR86","255.5"
"262","Kyle Williams","NE","11","WR87","255.5"
"263","Chimere Dike","TEN","9","WR88","216.0"
"264","Evan McPherson","CIN","6","K17","257.5"
"265","Chase McLaughlin","TB","10","K18","257.5"
"266","Devin Singletary","NYG","8","RB77","219.0"
"267","Brandon Aiyuk","SF","8","WR89","219.0"
"268","Germie Bernard","PIT","9","WR90","258.5"
"269","Kendre Miller","NO","8","RB78","225.0"
"270","Kansas City Chiefs DST","5","","DST16","261.5"
"271","Darnell Mooney","NYG","8","WR91","261.5"
"272","Brashard Smith","KC","5","RB79","227.0"
"273","George Holani","SEA","11","RB80","229.0"
"274","Greg Dulcich","MIA","6","TE34","230.0"
"275","Elic Ayomanor","TEN","9","WR92","230.0"
"276","Buffalo Bills DST","7","","DST17","264.5"
"277","Chicago Bears DST","10","","DST18","265.0"
"278","Pat Freiermuth","PIT","9","TE35","234.0"
"279","Cooper Kupp","SEA","11","WR93","266.0"
"280","Carson Beck","ARI","14","QB36","236.0"
"281","Audric Estime","NO","8","RB81","237.0"
"282","Jaylin Noel","HOU","8","WR94","268.0"
"283","Ted Hurst III","TB","10","WR95","268.0"
"284","Jarquez Hunter","","","RB82","241.0"
"285","Jordan James","SF","8","RB83","241.0"
"286","Marvin Mims Jr.","DEN","10","WR96","242.0"
"287","Tyler Bass","BUF","7","K19","271.0"
"288","Rashod Bateman","BAL","13","WR97","271.0"
"289","San Francisco 49ers DST","8","","DST19","271.0"
"290","Malik Davis","DAL","14","RB84","246.0"
"291","Cleveland Browns DST","11","","DST20","272.0"
"292","Evan Engram","DEN","10","TE36","248.0"
"293","Ty Simpson","LAR","11","QB37","273.0"
"294","Tory Horton","SEA","11","WR98","253.0"
"295","Elijah Sarratt","BAL","13","WR99","256.0"
"296","Chris Brooks","GB","11","RB85","257.0"
"297","Keon Coleman","BUF","7","WR100","277.0"
"298","Seth McGowan","IND","13","RB86","261.0"
"299","Jack Bech","LV","13","WR101","279.0"
"300","Trey Smack","GB","11","K20","262.0"
"301","Samaje Perine","CIN","6","RB87","267.0"
"302","Christian Kirk","SF","8","WR102","268.0"
"303","Adam Randall","BAL","13","RB88","268.0"
"304","Max Klare","LAR","11","TE37","270.0"
"305","Michael Trigg","","","TE38","271.0"
"306","Indianapolis Colts DST","13","","DST21","273.0"
"307","Skyler Bell","BUF","7","WR103","274.0"
"308","Atlanta Falcons DST","11","","DST22","275.0"
"309","J.J. McCarthy","MIN","6","QB38","276.0"
"310","Tampa Bay Buccaneers DST","10","","DST23","278.0"
"311","Ty Johnson","BUF","7","RB89","279.0"
"312","Darren Waller","CAR","5","TE39","280.0"
"313","Jake Elliott","PHI","10","K21","280.0"
"314","Carolina Panthers DST","5","","DST24","281.0"
"315","Cincinnati Bengals DST","6","","DST25","282.0"
"316","Bryce Lance","NO","8","WR104","283.0"
"317","Matt Gay","LV","13","K22","284.0"
"318","New Orleans Saints DST","8","","DST26","285.0"
"319","Mike Gesicki","CIN","6","TE40","285.0"
"320","Michael Mayer","LV","13","TE41","286.0"
"321","Riley Patterson","MIA","6","K23","286.0"
"322","Tutu Atwell","LAR","11","WR105","287.0"
"323","Charlie Smyth","","","K24","287.0"
"324","LeQuint Allen Jr.","JAC","7","RB90","288.0"
"325","Nick Folk","ATL","11","K25","289.0"
"326","Jahan Dotson","ATL","11","WR106","290.0"
"327","Kareem Hunt","","","RB91","291.0"
"328","Tennessee Titans DST","9","","DST27","294.0"
"329","Arizona Cardinals DST","14","","DST28","292.0"
"330","Las Vegas Raiders DST","13","","DST29","293.0"
"331","New York Jets DST","13","","DST30","294.0"
"332","Ollie Gordon II","MIA","6","RB92","294.0"
"333","Miami Dolphins DST","6","","DST31","296.0"
"334","Emari Demercado","","","RB93","296.0"