Rank	Player ID	Player	Team	Position(s)	ADP	Min Pick	Max Pick	Difference	# Picks	Team	Team Pick
1	16162	Gibbs, Jahmyr	DET	RB	1.68	1	34		911		
2	16161	Robinson, Bijan	ATL	RB	2.49	1	11		901		
3	15281	Chase, Ja'Marr	CIN	WR	4.33	1	49		906		
4	14802	Taylor, Jonathan	IND	RB	6.66	1	50		933		
5	13589	Allen, Josh	BUF	QB	7.23	1	94		877		
6	16211	Nacua, Puka	LAR	WR	7.85	1	138		788		
7	13130	McCaffrey, Christian	SFO	RB	8.22	1	72		955		
8	16185	Smith-Njigba, Jaxon	SEA	WR	8.34	1	144		782		
9	15715	Cook, James	BUF	RB	9.41	1	79		917		
10	15287	St. Brown, Amon-Ra	DET	WR	9.64	1	155		896		
11	14832	Lamb, CeeDee	DAL	WR	13.62	1	52		970		
12	13604	Barkley, Saquon	PHI	RB	13.62	1	85		1003		
13	16167	Achane, De'Von	MIA	RB	14.79	1	118		842		
14	14836	Jefferson, Justin	MIN	WR	15.19	1	53		973		
15	16181	Brown, Chase	CIN	RB	15.86	1	109		857		
16	12626	Henry, Derrick	BAL	RB	15.95	1	104		1008		
17	17044	Hampton, Omarion	LAC	RB	19.02	1	118		948		
18	17042	Jeanty, Ashton	LVR	RB	20.03	1	117		929		
19	15711	Walker III, Kenneth	KCC	RB	20.10	1	89		987		
20	14104	Brown, A.J.	NEP	WR	21.17	1	74		1013		
21	17472	Love, Jeremiyah	ARI	RB	23.44	1	138		1331		
22	15751	London, Drake	ATL	WR	23.51	1	109		997		
23	16641	Bowers, Brock	LVR	TE	23.85	1	78		858		
24	15794	McBride, Trey	ARI	TE	24.17	1	139		878		
25	15710	Williams, Kyren	LAR	RB	24.59	2	112		953		
26	15290	Collins, Nico	HOU	WR	26.02	1	114		954		
27	13593	Jackson, Lamar	BAL	QB	26.21	1	109		956		
28	15762	Pickens, George	DAL	WR	26.70	2	87		906		
29	16580	Maye, Drake	NEP	QB	30.55	1	155		820		
30	16194	Rice, Rashee	KCC	WR	31.04	1	138		877		
31	14777	Burrow, Joe	CIN	QB	31.38	1	143		1012		
32	16615	Nabers, Malik	NYG	WR	31.74	3	134		999		
33	15256	Williams, Javonte	DAL	RB	31.95	1	140		894		
34	15754	Olave, Chris	NOS	WR	34.08	1	127		928		
35	15282	Smith, DeVonta	PHI	WR	35.40	1	128		997		
36	15253	Etienne, Travis	NOS	RB	35.91	2	130		932		
37	15708	Hall, Breece	NYJ	RB	37.53	1	132		1035		
38	14835	Higgins, Tee	CIN	WR	37.64	3	124		1063		
39	16190	Flowers, Zay	BAL	WR	38.62	2	130		965		
40	17045	Skattebo, Cam	NYG	RB	40.86	1	142		875		
41	14797	Swift, D'Andre	CHI	RB	42.13	1	131		1065		
42	17071	McMillan, Tetairoa	CAR	WR	42.21	2	139		974		
43	14073	Jacobs, Josh	GBP	RB	42.23	1	191		1013		
44	17104	Loveland, Colston	CHI	TE	43.64	4	198		908		
45	16627	McConkey, Ladd	LAC	WR	43.71	3	130		964		
46	15753	Wilson, Garrett	NYJ	WR	44.78	6	140		1016		
47	11675	Adams, Davante	LAR	WR	45.48	4	135		1059		
48	17473	Price, Jadarian	SEA	RB	45.79	1	197		1357		
49	16598	Irving, Bucky	TBB	RB	46.57	3	143		962		
50	17081	Egbuka, Emeka	TBB	WR	46.79	2	140		910		
51	15284	Waddle, Jaylen	DEN	WR	48.66	3	151		1028		
52	14783	Hurts, Jalen	PHI	QB	49.13	2	147		1034		
53	16581	Daniels, Jayden	WAS	QB	49.54	1	183		1001		
54	16579	Williams, Caleb	CHI	QB	49.84	2	155		939		
55	14071	Montgomery, David	HOU	RB	51.82	3	183		1044		
56	13635	Moore, D.J.	BUF	WR	52.68	3	180		1065		
57	14109	McLaurin, Terry	WAS	WR	53.15	8	133		1069		
58	17051	Judkins, Quinshon	CLE	RB	54.55	4	147		882		
59	12620	Prescott, Dak	DAL	QB	54.70	3	154		1028		
60	15756	Williams, Jameson	DET	WR	55.11	6	192		1010		
61	9431	Stafford, Matthew	LAR	QB	55.36	1	163		978		
63	17052	Tuten, Bhayshul	JAC	RB	56.14	3	163		965		
64	17509	Brazzell II, Chris	CAR	WR	56.21	16	408		207		
65	17102	Warren, Tyler	IND	TE	57.14	1	252		895		
66	17497	Tate, Carnell	TEN	WR	58.65	1	219		1324		
68	17544	Stowers, Eli	PHI	TE	59.99	3	304		394		
69	17567	Delp, Oscar	NOS	TE	60.12	13	477		228		
70	17607	Raridon, Eli	NEP	TE	61.19	4	305		321		
74	15789	Watson, Christian	GBP	WR	62.44	6	213		992		
75	17043	Henderson, TreVeyon	NEP	RB	62.52	2	200		1008		
76	16616	Odunze, Rome	CHI	WR	62.60	4	188		1027		
78	14779	Herbert, Justin	LAC	QB	63.17	2	171		1006		
80	17463	Simpson, Ty	LAR	QB	63.53	1	302		368		
82	17468	Allar, Drew	PIT	QB	63.73	11	327		233		
83	17547	Klare, Max	LAR	TE	63.91	11	513		236		
85	15259	Stevenson, Rhamondre	NEP	RB	64.14	4	202		1008		
86	17505	Sarratt, Elijah	BAL	WR	64.79	12	459		253		
87	17529	Thompson, Brenen	LAC	WR	65.28	4	637		198		
88	16192	Washington, Parker	JAC	WR	65.58	6	236		983		
91	15237	Lawrence, Trevor	JAC	QB	66.23	2	197		994		
92	17512	Williams, Antonio	WAS	WR	66.65	6	306		386		
93	17648	Nowakowski, Riley	PIT	TE	66.86	13	619		78		
95	15742	Warren, Jaylen	PIT	RB	67.13	3	207		1022		
97	11671	Evans, Mike	SFO	WR	68.84	6	251		1046		
98	17070	Burden, Luther	CHI	WR	69.29	5	216		910		
99	17706	Benson, Malik	LVR	WR	69.42	13	432		132		
100	17519	Lance, Bryce	NOS	WR	69.68	16	590		232		
101	15329	Pitts, Kyle	ATL	TE	70.04	7	304		922		
102	17467	Klubnik, Cade	NYJ	QB	70.25	20	527		174		
104	13630	Sutton, Courtland	DEN	WR	70.74	8	250		1050		
105	17508	Bell, Skyler	BUF	WR	70.87	12	545		290		
106	17593	Klein, Marlin	HOU	TE	71.31	20	486		118		
107	17503	Bernard, Germie	PIT	WR	71.73	6	311		383		
108	16582	Nix, Bo	DEN	QB	72.37	4	194		970		
109	17627	Hibner, Matthew	BAL	TE	72.67	24	330		123		
110	17520	Hurst, Ted	TBB	WR	72.86	8	401		361		
111	17528	Coleman, Kevin	MIA	WR	73.07	22	663		97		
112	13116	Mahomes, Patrick	KCC	QB	73.64	4	198		1010		
113	17652	Randall, Adam	BAL	RB	73.74	16	408		286		
114	17548	Joly, Justin	FA	TE	74.01	11	449		157		
116	17685	Heidenreich, Eli	PIT	RB	74.55	21	430		148		
117	16222	Kraft, Tucker	GBP	TE	74.75	12	235		912		
118	17542	Young, Colbie	CIN	WR	75.62	8	508		122		
120	17502	Cooper Jr., Omar	NYJ	WR	75.72	1	292		523		
121	14085	Pollard, Tony	TEN	RB	76.35	7	238		1044		
122	17507	Branch, Zachariah	ATL	WR	76.49	8	346		327		
124	16614	Harrison Jr., Marvin	ARI	WR	76.84	5	229		1040		
125	13299	Kittle, George	SFO	TE	77.54	5	292		1042		
127	17521	Thomas, Zavion	CHI	WR	78.02	6	463		258		
129	12611	Goff, Jared	DET	QB	78.51	2	233		991		
131	17466	Beck, Carson	ARI	QB	79.42	3	306		317		
132	13163	Godwin, Chris	TBB	WR	79.84	2	244		1005		
133	17476	Singleton, Nicholas	TEN	RB	80.33	6	308		467		
134	17481	Claiborne, Demond	MIN	RB	80.39	13	392		342		
135	14102	Metcalf, DK	PIT	WR	80.95	3	248		1028		
137	16618	Thomas Jr., Brian	JAC	WR	81.18	11	261		975		
138	16214	LaPorta, Sam	DET	TE	81.51	11	246		943		
141	17032	Dart, Jaxson	NYG	QB	82.53	2	238		909		
142	17506	Bell, Chris	MIA	WR	82.58	6	327		459		
143	17478	Allen, Kaytron	WAS	RB	82.69	10	323		394		
144	17511	Fields, Malachi	NYG	WR	82.90	7	367		440		
145	16597	Brooks, Jonathon	CAR	RB	83.03	4	252		979		
146	17499	Lemon, Makai	PHI	WR	83.21	1	291		1060		
147	15698	Purdy, Brock	SFO	QB	83.29	3	205		990		
148	17541	Brown, Barion	NOS	WR	83.58	16	382		127		
150	17514	Stribling, De'Zhaun	SFO	WR	84.45	2	249		1123		
151	17103	Fannin, Harold	CLE	TE	84.50	7	246		894		
152	17462	Mendoza, Fernando	LVR	QB	84.53	1	299		694		
153	11244	Kelce, Travis	KCC	TE	85.46	3	278		996		
154	13674	Goedert, Dallas	PHI	TE	85.55	14	193		985		
155	14823	Dowdle, Rico	PIT	RB	85.77	2	249		951		
156	16206	Wilson, Michael	ARI	WR	85.84	6	247		920		
157	17068	Harvey, RJ	DEN	RB	86.33	3	314		972		
158	14800	Dobbins, J.K.	DEN	RB	86.92	8	252		1015		
160	17498	Tyson, Jordyn	NOS	WR	87.98	2	311		835		
161	17501	Concepcion, KC	CLE	WR	88.15	2	312		1025		
162	17475	McGowan, Seth	IND	RB	88.20	21	409		289		
163	15261	Hubbard, Chuba	CAR	RB	88.76	5	272		938		
165	15768	Pierce, Alec	IND	WR	89.17	9	246		971		
167	17543	Sadiq, Kenyon	NYJ	TE	89.97	2	336		729		
169	17500	Boston, Denzel	CLE	WR	91.66	4	362		664		
170	17518	Allen, Cyrus	KCC	WR	91.99	5	277		547		
171	17477	Coleman, Jonah	DEN	RB	93.18	4	298		925		
172	17482	Washington Jr., Mike	LVR	RB	93.19	2	322		1040		
173	17599	Douglas, Caleb	MIA	WR	93.40	9	330		515		
177	17474	Johnson, Emmett	KCC	RB	95.60	4	366		669		
179	15255	Gainwell, Kenneth	TBB	RB	97.32	13	280		923		
180	14056	Murray, Kyler	MIN	QB	97.70	7	270		918		
183	12186	Diggs, Stefon	WAS	WR	99.64	9	243		960		
185	17485	Black, Kaelon	SFO	RB	99.77	11	273		677		
186	17517	Lane, Ja'Kobi	BAL	WR	99.81	8	350		677		
187	17256	Croskey-Merritt, Jacory	WAS	RB	100.15	11	280		912		
189	15972	Mason, Jordan	MIN	RB	100.51	9	266		910		
190	13590	Mayfield, Baker	TBB	QB	100.53	9	241		875		
191	14782	Love, Jordan	GBP	QB	100.95	10	269		844		
193	14842	Pittman, Michael	PIT	WR	101.36	6	229		864		
194	16593	Corum, Blake	LAR	RB	101.80	19	281		887		
196	17504	Daniels, CJ	LAR	WR	102.76	12	677		74		
197	16188	Johnston, Quentin	LAC	WR	103.32	17	281		877		
198	16187	Downs, Josh	IND	WR	103.39	5	286		847		
200	15798	Likely, Isaiah	NYG	TE	105.60	16	328		857		
201	13319	Jones, Aaron	MIN	RB	105.74	14	332		949		
202	15799	Ferguson, Jake	DAL	TE	105.84	23	265		860		
204	17066	Monangai, Kyle	CHI	RB	108.20	11	261		829		
206	13671	Andrews, Mark	BAL	TE	109.15	21	313		876		
208	16186	Addison, Jordan	MIN	WR	110.21	19	281		878		
209	16213	Kincaid, Dalton	BUF	TE	110.21	13	222		828		
210	17039	Shough, Tyler	NOS	QB	110.83	14	301		765		
211	14136	Samuel, Deebo	SFO	WR	111.02	12	256		887		
212	15757	Robinson, Wan'Dale	TEN	WR	112.03	15	289		792		
213	16169	Charbonnet, Zach	SEA	RB	112.72	8	359		832		
218	16150	Stroud, C.J.	HOU	QB	114.81	16	283		693		
220	17075	Golden, Matthew	GBP	WR	115.28	20	255		809		
221	16604	Lloyd, MarShawn	GBP	RB	115.36	10	359		833		
222	13592	Darnold, Sam	SEA	QB	115.42	4	279		674		
224	15694	Willis, Malik	MIA	QB	118.32	6	311		577		
225	16184	Reed, Jayden	GBP	WR	118.69	18	289		705		
228	14059	Jones, Daniel	IND	QB	120.28	14	291		583		
233	15721	White, Rachaad	WAS	RB	121.62	18	298		711		
234	12676	Henry, Hunter	NEP	TE	121.69	15	346		733		
237	14127	Meyers, Jakobi	JAC	WR	123.08	31	306		715		
239	16148	Young, Bryce	CAR	QB	124.19	32	362		444		
241	17053	Marks, Woody	HOU	RB	124.84	16	277		726		
242	14861	Johnson, Juwan	NOS	TE	125.23	4	328		723		
244	17030	Ward, Cam	TEN	QB	126.23	27	335		433		
246	16620	Worthy, Xavier	KCC	WR	127.11	21	284		758		
248	15779	Doubs, Romeo	NEP	WR	127.85	24	285		679		
249	15761	Shakir, Khalil	BUF	WR	128.08	21	317		687		
250	16684	Washington, Malik	MIA	WR	128.15	13	279		690		
251	12616	Brissett, Jacoby	ARI	QB	128.15	3	318		447		
255	16174	Rodriguez, Chris	JAC	RB	129.84	21	370		612		
257	14871	Parkinson, Colby	LAR	TE	130.99	15	260		499		
259	15712	Allgeier, Tyler	ARI	RB	132.07	8	309		646		
262	7836	Rodgers, Aaron	PIT	QB	132.86	2	267		384		
264	16165	Spears, Tyjae	TEN	RB	133.84	14	371		656		
267	14833	Jeudy, Jerry	CLE	WR	134.69	22	306		581		
270	16809	Coker, Jalen	CAR	WR	135.57	14	319		538		
274	14138	Hockenson, T.J.	MIN	TE	139.43	25	283		544		
275	16747	Tracy, Tyrone	NYG	RB	139.80	6	293		573		
276	13772	Schultz, Dalton	HOU	TE	140.05	28	357		528		
279	11150	Smith, Geno	NYJ	QB	142.28	30	371		254		
280	16178	Mitchell, Keaton	LAC	RB	143.37	28	332		441		
282	15749	Pacheco, Isiah	DET	RB	144.15	27	377		527		
286	11222	Allen, Keenan	IND	WR	145.33	26	491		492		
288	16080	Shaheed, Rashid	SEA	WR	145.44	24	319		484		
290	15889	Okonkwo, Chigoziem	WAS	TE	146.12	31	389		426		
295	16269	Strange, Brenton	JAC	TE	147.18	25	292		477		
297	17171	Dike, Chimere	TEN	WR	148.20	4	308		123		
299	16287	Tucker, Tre	LVR	WR	149.43	7	380		459		
303	13132	Kamara, Alvin	NOS	RB	151.07	31	393		478		
305	15797	Dulcich, Greg	MIA	TE	151.09	28	425		241		
307	16164	Bigsby, Tank	PHI	RB	151.52	27	372		473		
310	17047	Sampson, Dylan	CLE	RB	153.30	28	331		339		
311	17074	Hunter, Travis	JAC	WR	153.82	24	320		317		
315	16628	McMillan, Jalen	TBB	WR	155.00	16	351		394		
316	16195	Wicks, Dontayvion	PHI	WR	155.13	21	392		290		
317	17107	Ferguson, Terrance	LAR	TE	155.36	36	407		289		
319	13113	Watson, Deshaun	CLE	QB	155.74	23	387		198		
322	16596	Allen, Braelon	NYJ	RB	156.34	27	399		344		
326	17099	Gadsden, Oronde	LAC	TE	156.61	51	371		278		
329	13164	Kupp, Cooper	SEA	WR	157.25	17	388		388		
331	16193	Boutte, Kayshon	HOU	WR	158.49	17	387		272		
332	15786	Nailor, Jalen	LVR	WR	158.76	20	395		258		
334	10700	Cousins, Kirk	LVR	QB	159.29	41	396		210		
336	14778	Tagovailoa, Tua	ATL	QB	159.81	24	341		171		
337	16603	Davis, Ray	BUF	RB	160.39	34	341		350		
339	16201	Hutchinson, Xavier	HOU	WR	161.08	2	521		216		
340	16757	Vidal, Kimani	LAC	RB	161.69	12	410		318		
342	17031	Sanders, Shedeur	CLE	QB	161.93	64	283		108		
343	16583	Penix Jr., Michael	ATL	QB	162.15	35	301		176		
344	15716	Robinson, Brian	ATL	RB	162.27	43	541		364		
345	16723	Barner, AJ	SEA	TE	162.94	12	361		260		
351	13146	Conner, James	ARI	RB	164.63	32	387		252		
352	17105	Helm, Gunnar	TEN	TE	164.83	30	376		124		
358	14860	Jennings, Jauan	MIN	WR	166.21	38	464		280		
359	17069	Blue, Jaydon	FA	RB	166.79	19	393		197		
361	17072	Harris, Tre	LAC	WR	167.15	26	391		187		
362	15331	Freiermuth, Pat	PIT	TE	167.43	40	465		196		
363	15254	Harris, Najee	NYG	RB	167.64	22	549		228		
364	15802	Otton, Cade	TBB	TE	167.72	28	418		179		
365	16204	Dell, Tank	HOU	WR	168.24	44	349		192		
366	17055	James, Jordan	SFO	RB	168.87	25	500		127		
367	17082	Bryant, Pat	DEN	WR	169.18	26	385		126		
368	14086	Hill, Justice	BAL	RB	169.48	21	649		233		
369	16626	Mitchell, Adonai	NYJ	WR	169.65	38	436		203		
371	16778	Flournoy, Ryan	DAL	WR	169.86	20	386		227		
374	13192	Njoku, David	LAC	TE	171.02	58	373		152		
376	15738	Davis, Malik	DAL	RB	173.16	31	659		134		
377	14122	Slayton, Darius	NYG	WR	173.50	44	587		166		
379	17048	Johnson, Kaleb	GBP	RB	174.66	28	481		77		
382	16036	Tonges, Jake	SFO	TE	178.76	16	426		79		
383	16619	Franklin, Troy	DEN	WR	178.95	30	465		167		
384	16617	Coleman, Keon	BUF	WR	179.25	54	532		109		
385	16342	Douglas, Demario	NEP	WR	179.27	36	409		73		
386	15293	Bateman, Rashod	BAL	WR	180.52	39	419		124		
387	13133	Perine, Samaje	CIN	RB	181.89	43	629		115		
388	17157	TeSlaa, Isaac	DET	WR	182.20	35	349		101		
389	13629	Ridley, Calvin	TEN	WR	182.98	40	559		125		
391	14080	Singletary, Devin	NYG	RB	184.83	44	495		78		
392	17080	Noel, Jaylin	HOU	WR	185.82	95	404		84		
393	16610	Wright, Jaylen	MIA	RB	186.08	15	464		127		
394	13189	Engram, Evan	DEN	TE	189.41	71	399		93		
395	16166	Tucker, Sean	TBB	RB	190.33	49	389		93		
398	13672	Gesicki, Mike	CIN	TE	193.94	48	480		77		
400	16788	Vele, Devaughn	NOS	WR	200.88	59	506		72		
